S17181,1986-096A,FLTSATCOM F7,FLTSATCOM F7,2457654.24,2016 Sep 22 1747,GEO/I,1436.122,35686,35887,14.71,100.38E,0.014W
S19548,1988-091B,TDRS 3,TDRS C,2457866.94,2017 Apr 23 1039,GEO/I,1436.028,35624,35946,14.44,61.65W,0.010E
S19976,1989-035A,USA 37,VORTEX 13,2457860.69,2017 Apr 17 428,GEO/T,1436.122,31667,39906,8.01,95.77E,0.014W
S20253,1989-077A,FLTSATCOM F8,FLTSATCOM F8,2457833.09,2017 Mar 20 1412,GEO/I,1436.122,35749,35824,12.89,15.58W,0.014W
S20776,1990-079A,Skynet 4C,Skynet 4C,2457866.87,2017 Apr 23 846,GEO/I,1436.076,35776,35796,13.81,33.41E,0.002W
S21639,1991-054B,TDRS 5,TDRS-E,2457867.18,2017 Apr 23 1616,GEO/I,1435.947,35676,35890,14.34,167.77W,0.030E
S22314,1993-003B,TDRS-6,TDRS F,2457866.94,2017 Apr 23 1040,GEO/I,1436.171,35760,35816,13.87,45.21W,0.026W
S22787,1993-056A,UHF F/O F2,UFO F2,2457814.04,2017 Mar 1 1302,GEO/I,1436.122,35764,35809,10.69,29.02E,0.014W
S22871,1993-066A,INTELSAT 701,INTELSAT 701,2457867.35,2017 Apr 23 2020,GEO/I,1436.108,35770,35803,4.09,29.52W,0.010W
S22988,1994-009A,Milstar 1,Milstar DFS-1,2457845.26,2017 Apr 1 1816,GEO/I,1436.122,35768,35805,12.06,38.77W,0.014W
S23223,1994-054A,USA 105,MERCURY 14,2457820.01,2017 Mar 7 1218,GEO/I,1435.936,35645,35921,10.84,45.18E,0.033E
S23227,1994-055A,Optus B3,Optus B3,2457867.12,2017 Apr 23 1456,GEO/ID,1459.015,36207,36260,7.31,151.77W,5.677W
S23331,1994-070A,Astra 1D,Astra 1D,2457866.88,2017 Apr 23 906,GEO/I,1436.093,35769,35803,7.48,47.49W,0.006W
S23435,1994-084A,DSP F17,DSP 17,2457779.35,2017 Jan 25 2031,GEO/I,1436.122,35776,35797,14.05,49.07W,0.014W
S23467,1995-003A,UHF F/O F4,UFO F4 EHF,2457829.37,2017 Mar 16 2054,GEO/I,1436.122,35752,35821,9.52,99.91W,0.014W
S23536,1995-016A,Star One B2,Brasilsat B2,2457866.95,2017 Apr 23 1046,GEO/I,1436.104,35777,35796,7.11,68.13W,0.009W
S23553,1995-019A,AMSC 1,AMSC 1,2457866.31,2017 Apr 22 1930,GEO/I,1436.087,35765,35807,10.02,103.29W,0.005W
S23567,1995-022A,USA 110,ORION 3,2457789.88,2017 Feb 5 913,GEO/I,1436.122,35545,36028,13.67,126.79E,0.014W
S23613,1995-035B,TDRS 7,TDRS G,2457867.1,2017 Apr 23 1431,GEO/I,1436.015,35649,35920,14.95,85.86E,0.013E
S23628,1995-038A,USA 113,DSCS III B-7,2457717.15,2016 Nov 24 1531,GEO/I,1436.122,35772,35801,10.07,103.61E,0.014W
S23696,1995-057A,UHF F/O F6,UFO F6-EHF,2457829.39,2017 Mar 16 2119,GEO/I,1436.122,35759,35814,8.94,104.43W,0.014W
S23712,1995-060A,Milstar 2,Milstar DFS-2,2457857.27,2017 Apr 13 1831,GEO/I,1436.122,35724,35849,12.39,89.72W,0.014W
S23754,1995-073A,Echostar I,Echostar 1,2457866.97,2017 Apr 23 1115,GEO/S,1436.115,35776,35797,0.7,77.27W,0.012W
S23839,1996-020A,INMARSAT III F-1,INMARSAT III F-1,2457867.18,2017 Apr 23 1616,GEO/I,1436.091,35760,35812,3.88,64.53E,0.006W
S23842,1996-021A,Astra 1F,Astra 1F,2457867.37,2017 Apr 23 2052,GEO/S,1436.105,35771,35802,0.04,44.30E,0.009W
S23855,1996-026A,USA 118,MERCURY 15,2457819.91,2017 Mar 7 949,GEO/I,1436.122,34080,37493,9.52,48.59E,0.014W
S23846,1996-022A,M-SAT 1,MSAT-1,2457866.35,2017 Apr 22 2022,GEO/I,1436.087,35763,35809,7.67,107.49W,0.005W
S23967,1996-042A,UHF F/O F7,UFO F7-EHF,2457850.11,2017 Apr 6 1439,GEO/I,1436.122,35751,35822,8.23,22.58W,0.014W
S24307,1996-053A,INMARSAT III F-2,INMARSAT III F-2,2457867.35,2017 Apr 23 2021,GEO/S,1436.087,35758,35814,2.52,15.46W,0.005W
S24315,1996-054A,AMC 1,Americom 1,2457866.51,2017 Apr 23 14,GEO/S,1436.1,35775,35797,1.45,129.12W,0.008W
S24653,1996-063B,Africasat 2,Measat 2,2457866.8,2017 Apr 23 706,GEO/I,1436.072,35759,35813,7.4,147.72E,0.001W
S24665,1996-067A,EUTELSAT 48A,Eutelsat HB2,2457867.37,2017 Apr 23 2052,GEO/I,1436.07,35764,35807,6.27,48.36E,0.001W
S24674,1996-070A,INMARSAT III F-3,INMARSAT III F3,2457866.64,2017 Apr 23 323,GEO/I,1436.062,35759,35812,3.33,178.15E,0.002E
S24713,1997-002A,AMC 2,Americom 2,2457866.97,2017 Apr 23 1115,GEO/I,1436.125,35765,35808,4.24,84.98W,0.014W
S24737,1997-008A,DSP F18,DSP 20,2457800.16,2017 Feb 15 1548,GEO/I,1436.122,35778,35795,12.7,8.21E,0.014W
S24732,1997-007A,Intelsat IS-26,JCSAT 4,2457867.2,2017 Apr 23 1646,GEO/I,1436.08,35763,35809,7.38,64.49E,0.003W
S24812,1997-026A,Galaxy 25,Telstar 5,2457866.17,2017 Apr 22 1608,GEO/S,1436.097,35770,35802,0.04,93.12W,0.007W
S24901,1997-042A,ABS-3,Mabuhay,2457867.35,2017 Apr 23 2022,GEO/I,1436.074,35750,35821,4.79,85.44E,0.001W
S24932,1997-049B,Meteosat 7,MTP 1,2457866.21,2017 Apr 22 1655,GEO/ID,1464.766,36299,36392,10.59,67.13W,7.072W
S24916,1997-046A,Intelsat IS-5,PAS 5,2457866.67,2017 Apr 23 411,GEO/I,1436.094,35771,35801,3.44,157.03E,0.007W
S24936,1997-050A,AMC 3,Americom 3,2457866.95,2017 Apr 23 1053,GEO/S,1436.092,35775,35797,0.26,72.02W,0.006W
S24957,1997-053A,NSS 5,INTELSAT 803,2457867.37,2017 Apr 23 2052,GEO/I,1436.053,35770,35801,3.74,50.58E,0.004E
S25004,1997-059A,Echostar III,Echostar 3,2457866.31,2017 Apr 22 1925,GEO/S,1436.076,35780,35792,2.04,61.77W,0.002W
S25019,1997-065A,USA 134,DSCS III B-13,2457809.5,2017 Feb 25 6,GEO/I,1436.122,35756,35817,8.72,111.74W,0.014W
S25067,1997-075A,JCSAT 1B,JCSAT 5,2457866.21,2017 Apr 22 1659,GEO/I,1436.087,35768,35804,5.47,149.87E,0.005W
S25071,1997-076A,Astra 1G,Astra 1G,2457867.37,2017 Apr 23 2052,GEO/S,1436.096,35772,35800,2.21,51.11E,0.007W
S25153,1998-006B,INMARSAT III F-5,INMARSAT 3 F5,2457866.89,2017 Apr 23 919,GEO/S,1436.144,35767,35807,2.47,54.10W,0.019W
S25152,1998-006A,Star One B3,Brasilsat B3,2457866.28,2017 Apr 22 1843,GEO/I,1436.119,35773,35800,3.93,63.18W,0.013W
S25239,1998-014A,NSS 806,INTELSAT 806,2457866.95,2017 Apr 23 1054,GEO/S,1436.064,35768,35803,0.06,47.52W,0.001E
S25258,1998-016A,UHF F/O F8,UFO F8,2457768.81,2017 Jan 15 729,GEO/I,1436.251,35772,35806,7.35,171.39E,0.046W
S25336,1998-029A,USA 139,ORION 4,2457839.06,2017 Mar 26 1320,GEO/I,1436.122,35632,35941,9.08,26.35W,0.014W
S25354,1998-033A,Zhongxing 5A,Chinasat 5A,2457867.42,2017 Apr 23 2210,GEO/S,1436.128,35775,35799,1.13,125.53E,0.015W
S25358,1998-035A,Thor III,Thor 3,2457867.09,2017 Apr 23 1407,GEO/I,1436.1,35777,35796,5.33,4.29W,0.008W
S25371,1998-037A,INTELSAT 805,INTELSAT 805,2457867.1,2017 Apr 23 1428,GEO/S,1436.129,35774,35799,0.02,168.99E,0.015W
S25462,1998-050A,Astra 2A,Astra 2A,2457867.25,2017 Apr 23 1801,GEO/S,1436.126,35777,35796,0.04,113.50E,0.014W
S25515,1998-063A,Afristar,Afristar,2457867.35,2017 Apr 23 2022,GEO/I,1436.104,35768,35804,3.2,21.03E,0.009W
S25522,1998-065A,Intelsat IS-8,PAS 8,2457867.31,2017 Apr 23 1921,VHEO,1512.82,35969,38580,0.89,154.61E,18.314W
S25630,1999-006A,JCSAT 4A,JCSAT 6,2457867.3,2017 Apr 23 1911,GEO/S,1436.112,35779,35794,2.18,81.97E,0.011W
S25639,1999-009B,Skynet 4E,Skynet 4E,2457866.48,2017 Apr 22 2334,GEO/I,1436.093,35774,35798,10.09,5.91E,0.006W
S25657,1999-013A,Asiasat 3S,Asiasat 3S,2457867.36,2017 Apr 23 2033,GEO/S,1436.101,35772,35801,2.4,146.01E,0.008W
S25740,1999-027A,Nimiq 1,Telesat DTH-1,2457866.97,2017 Apr 23 1115,GEO/S,1436.156,35763,35812,0.02,86.56W,0.022W
S25785,1999-033A,Astra 1H,Astra 1H,2457867.23,2017 Apr 23 1724,GEO/I,1436.121,35775,35798,3.72,43.51E,0.013W
S25867,1999-040B,Chandra X-ray Observatory,AXAF,2457869.98,2017 Apr 26 1126,VHEO,3809.147,19225,129606,74.31,,
S25880,1999-042A,Telkom 1,Telkom 1,2457867.43,2017 Apr 23 2214,GEO/S,1436.132,35780,35793,0.05,108.03E,0.016W
S25894,1999-046A,ABS-7,Koreasat 3,2457867.29,2017 Apr 23 1856,GEO/S,1436.094,35776,35796,0.01,116.12E,0.006W
S25924,1999-053A,ABS 6,LMI 1,2457866.47,2017 Apr 22 2319,GEO/S,1436.101,35773,35799,0.05,159.01E,0.008W
S25949,1999-059A,Telstar 12,Orion 2,2457866.98,2017 Apr 23 1129,GEO/S,1436.097,35774,35798,0.82,109.20W,0.007W
S25954,1999-060A,AMC 4,Americom 4,2457866.1,2017 Apr 22 1424,GEO/S,1436.1,35776,35796,0.07,67.02W,0.008W
S25967,1999-063A,UHF F/O F10,UFO 10,2457804.99,2017 Feb 20 1149,GEO/I,1436.122,35739,35834,6.47,71.50E,0.014W
S26038,1999-071A,Galaxy 11,Galaxy 11,2457867.37,2017 Apr 23 2052,GEO/S,1436.095,35781,35791,0.01,44.91E,0.007W
S26052,2000-001A,USA 148,DSCS III B-8,2457804.73,2017 Feb 20 536,GEO/I,1436.122,35765,35808,6.54,179.93W,0.014W
S26071,2000-007A,Hispasat 84W-1,Hispasat 1C (H84W-1),2457867.02,2017 Apr 23 1230,GEO/S,1436.108,35748,35825,0.45,83.82W,0.010W
S26095,2000-012A,Superbird B2,Superbird 4,2457867.35,2017 Apr 23 2025,GEO/S,1436.094,35772,35800,0.29,161.92E,0.006W
S26107,2000-016A,Asiastar,Asiastar,2457867.42,2017 Apr 23 2203,GEO/S,1436.123,35769,35805,1.56,104.98E,0.014W
S26243,2000-019A,EUTELSAT 16C,SESAT,2457867.35,2017 Apr 23 2022,GEO/I,1436.073,35774,35798,4.17,14.54E,0.001W
S26356,2000-024A,DSP F20,DSP 18?,2457805.64,2017 Feb 21 322,GEO/I,1436.122,35743,35830,10.39,165.57W,0.014W
S26369,2000-028A,EUTELSAT 70C,Eutelsat W4,2457867.37,2017 Apr 23 2059,GEO/S,1436.108,35764,35809,0.9,80.53E,0.010W
S26390,2000-035A,Sirius FM-1,Sirius CD Radio 1,2457866.49,2017 Apr 22 2352,MEO,912.103,24770,24782,59.53,,
S26388,2000-034A,TDRS 8,TDRS H,2457866.82,2017 Apr 23 742,GEO/I,1436.197,35767,35809,7.4,88.98E,0.032W
S26402,2000-038A,Echostar VI,Echostar 6,2457866.97,2017 Apr 23 1122,GEO/I,1436.09,35772,35800,4.08,96.30W,0.005W
S26451,2000-043A,Intelsat IS-9,PAS 9,2457866.71,2017 Apr 23 505,GEO/I,1436.123,35775,35798,3.43,43.10W,0.014W
S26470,2000-046B,Nilesat 102,Nilesat 102,2457867.35,2017 Apr 23 2021,GEO/S,1436.092,35768,35804,1.57,6.95W,0.006W
S26469,2000-046A,Star One B4,Brasilsat B4,2457866.41,2017 Apr 22 2146,GEO/S,1436.108,35772,35800,1.55,91.94W,0.010W
S26495,2000-054B,AMC 7,Americom 7,2457866.29,2017 Apr 22 1855,GEO/S,1436.104,35780,35792,0.03,134.99W,0.009W
S26494,2000-054A,Astra 2B,Astra 2B,2457867.38,2017 Apr 23 2113,GEO/S,1436.076,35764,35808,2.1,19.45E,0.002W
S26554,2000-059A,NSS 11,GE-1A,2457867.43,2017 Apr 23 2214,GEO/S,1436.109,35778,35795,0.05,108.19E,0.010W
S26559,2000-060A,N-SAT-110,Superbird 5,2457867.43,2017 Apr 23 2213,GEO/S,1436.116,35782,35791,0.03,110.07E,0.012W
S26575,2000-065A,USA 153,DSCS III B-11,2457860.93,2017 Apr 17 1016,GEO/I,1436.122,35754,35819,6,56.74E,0.014W
S26580,2000-067A,AMC 6,Americom 6,2457866.96,2017 Apr 23 1101,GEO/S,1436.094,35781,35792,0,67.00W,0.007W
S26590,2000-068A,Intelsat IS-12,Europe*Star FM1,2457867.37,2017 Apr 23 2052,GEO/S,1436.088,35779,35793,0.37,44.98E,0.005W
S26608,2000-072A,Intelsat IS-1R,PAS 1R,2457867.22,2017 Apr 23 1714,GEO/D,1439.852,35849,35870,0.2,153.31W,0.949W
S26624,2000-076A,Anik F1,Anik F1,2457866.21,2017 Apr 22 1705,GEO/S,1436.09,35779,35793,0.04,107.32W,0.005W
S26626,2000-077A,Sirius FM-3,Sirius CD Radio 3,2457866.37,2017 Apr 22 2050,MEO,906.679,24630,24675,62.39,,
S26635,2000-080A,USA 155,QUASAR 12?,2457852.75,2017 Apr 9 554,GEO/I,1436.122,35759,35815,7.88,110.23E,0.014W
S26638,2000-081A,Astra 2D,Astra 2D,2457866.94,2017 Apr 23 1035,GEO/I,1436.112,35778,35795,3.55,59.70E,0.011W
S26639,2000-081B,AMC 8,Americom 8,2457866.97,2017 Apr 23 1113,GEO/S,1436.07,35773,35798,0.06,139.01W,0.000W
S26695,2001-005B,Skynet 4F,Skynet 4F,2457866.58,2017 Apr 23 200,GEO/I,1436.072,35773,35799,8.84,33.87W,0.001W
S26694,2001-005A,SICRAL 1,SICRAL 1A,2457847.06,2017 Apr 3 1330,GEO/I,1436.122,35765,35808,7.18,16.28E,0.014W
S26715,2001-009A,Milstar 4,Milstar DFS-4,2457831.8,2017 Mar 19 714,GEO/I,1436.122,35737,35836,8.14,111.23E,0.014W
S26719,2001-011A,EUTELSAT 33C,Eurobird,2457867.2,2017 Apr 23 1646,GEO/S,1436.103,35767,35806,0.07,33.12E,0.009W
S26766,2001-019A,Intelsat IS-10,PAS 10,2457867.37,2017 Apr 23 2052,GEO/S,1436.102,35777,35795,1.4,47.49E,0.008W
S26824,2001-024A,INTELSAT 901,IS-901,2457867.33,2017 Apr 23 1952,GEO/S,1436.11,35775,35798,0.02,17.97W,0.010W
S26853,2001-025A,Astra 2C,Astra 2C,2457867.31,2017 Apr 23 1922,GEO/S,1436.088,35774,35798,0.28,60.31E,0.005W
S26880,2001-033A,DSP F21,DSP,2457857.68,2017 Apr 14 421,GEO/I,1436.122,35764,35809,9.56,130.81E,0.014W
S26900,2001-039A,INTELSAT 902,INTELSAT 902,2457867.31,2017 Apr 23 1922,GEO/S,1436.098,35774,35799,0.01,62.00E,0.007W
S26927,2001-042A,EUTELSAT 12 West B,Atlantic Bird 2,2457867.4,2017 Apr 23 2134,GEO/S,1436.103,35761,35811,0.06,12.44W,0.009W
S26948,2001-046A,USA 162,QUASAR 13?,2457833.42,2017 Mar 20 2158,GEO/ID,1431.933,35659,35751,9.11,92.89W,1.043E
S26985,2001-052A,DirecTV-4S,DirecTV-4S,2457867.08,2017 Apr 23 1400,GEO/S,1436.085,35777,35795,0.01,101.21W,0.004W
S27168,2002-001A,Milstar 5,Milstar DFS-5,2457852,2017 Apr 8 1205,GEO/I,1436.122,35761,35812,7.53,19.00E,0.014W
S27298,2002-002A,Insat 3C,Insat 3C,2457867.42,2017 Apr 23 2207,GEO/S,1436.098,35766,35806,0.51,93.48E,0.008W
S27380,2002-007A,INTELSAT 904,INTELSAT 904,2457867.18,2017 Apr 23 1618,GEO/S,1436.088,35775,35797,0.05,45.12E,0.005W
S27378,2002-006A,Echostar VII,Echostar 7,2457866.98,2017 Apr 23 1136,GEO/S,1436.112,35781,35792,0.06,118.80W,0.011W
S27400,2002-015B,Astra 3A,Astra 3A,2457866.24,2017 Apr 22 1740,GEO/I,1436.058,35773,35797,3.71,46.98W,0.003E
S27403,2002-016A,INTELSAT 903,INTELSAT 903,2457866.88,2017 Apr 23 911,GEO/S,1436.082,35773,35798,0.02,34.53W,0.004W
S27399,2002-015A,JCSAT 2A,JCSAT-8,2457867.42,2017 Apr 23 2159,GEO/S,1436.145,35785,35789,0.36,136.01E,0.019W
S27414,2002-019A,NSS 7,NSS 7,2457867.2,2017 Apr 23 1646,GEO/S,1436.085,35775,35797,1.78,19.97W,0.004W
S27426,2002-023A,DirecTV-5,DirecTV-5,2457866.22,2017 Apr 22 1716,GEO/S,1436.107,35772,35800,0.02,110.14W,0.010W
S27441,2002-029A,Ekspress A1R,Ekspress-A No. 4,2457867.36,2017 Apr 23 2034,GEO/I,1436.176,35779,35796,5.97,145.16E,0.027W
S27438,2002-027A,INTELSAT 905,INTELSAT 905,2457867.35,2017 Apr 23 2021,GEO/S,1436.099,35774,35798,0.01,24.45W,0.008W
S27445,2002-030A,Galaxy 3C,Galaxy III-C,2457866.18,2017 Apr 22 1616,GEO/S,1436.123,35781,35793,0.02,95.02W,0.014W
S27460,2002-035A,EUTELSAT 5 West A,Stellat 5,2457866.93,2017 Apr 23 1013,GEO/S,1436.095,35764,35808,0.05,5.05W,0.007W
S27461,2002-035B,N-Star c,N-Star c,2457867.28,2017 Apr 23 1839,GEO/I,1436.125,35771,35803,4.53,135.89E,0.014W
S27501,2002-039A,Echostar VIII,Echostar 8,2457867.02,2017 Apr 23 1221,GEO/D,1437.296,35762,35857,0.98,77.96W,0.308W
S27508,2002-040A,EUTELSAT 36 West A,Atlantic Bird 1,2457866.01,2017 Apr 22 1221,GEO/S,1436.064,35758,35813,0.07,36.01W,0.001E
S27509,2002-040B,Meteosat 8,MSG 1,2457867.21,2017 Apr 23 1704,GEO/I,1435.956,35779,35787,4.75,41.61E,0.028E
S27513,2002-041A,INTELSAT 906,INTELSAT 906,2457867.29,2017 Apr 23 1850,GEO/S,1436.098,35774,35799,0.02,64.17E,0.008W
S27516,2002-042B,Kodama,DRTS,2457867.35,2017 Apr 23 2022,GEO/I,1436.085,35772,35800,4.95,90.72E,0.004W
S27525,2002-043A,KALPANA-1,METSAT-1,2457866.86,2017 Apr 23 842,GEO/I,1436.073,35728,35844,6.26,73.41E,0.001W
S27528,2002-044A,Hispasat 30W-4,Hispasat 1D,2457867.4,2017 Apr 23 2131,GEO/S,1436.072,35765,35806,0.03,29.95W,0.001W
S27389,2002-011A,TDRS 9,TDRS I,2457867.35,2017 Apr 23 2021,GEO/I,1436.077,35698,35873,5.14,12.29W,0.002W
S26863,2001-029A,Artemis,Artemis,2457867.3,2017 Apr 23 1908,GEO/I,1436.048,35778,35793,12.68,122.30E,0.005E
S27566,2002-055A,TDRS 10,TDRS J,2457866.56,2017 Apr 23 126,GEO/I,1436.118,35746,35827,4.94,174.33W,0.013W
S27603,2002-057A,NSS 6,NSS 6,2457867.41,2017 Apr 23 2148,GEO/S,1436.145,35781,35793,0.02,95.00E,0.019W
S27632,2002-062A,Nimiq 2,Nimiq 2,2457867.16,2017 Apr 23 1554,GEO/D,1446.548,35975,36006,1.88,7.95W,2.615W
S27683,2003-007A,INTELSAT 907,INTELSAT 907,2457864.99,2017 Apr 21 1151,GEO/S,1436.13,35774,35799,0.02,27.53W,0.016W
S27691,2003-008A,DSCS III A-3,DSCS III A-3,2457861.47,2017 Apr 17 2313,GEO/I,1436.122,35770,35803,4.5,129.79W,0.014W
S27711,2003-012A,Milstar 6,Milstar DFS-6,2457844.45,2017 Mar 31 2254,GEO/I,1436.122,35763,35811,7.26,119.94W,0.014W
S27715,2003-013B,Galaxy 12,Galaxy XII,2457866.97,2017 Apr 23 1111,GEO/S,1436.105,35779,35794,0.05,129.00W,0.009W
S27718,2003-014A,Asiasat 4,Asiasat 4,2457867.29,2017 Apr 23 1856,GEO/S,1436.121,35785,35788,0.04,122.12E,0.013W
S27811,2003-020A,Hellas Sat 2,Hellas Sat 2,2457867.32,2017 Apr 23 1943,GEO/S,1436.127,35771,35802,0.01,39.01E,0.015W
S27820,2003-024A,AMC 9,Americom 9,2457866.97,2017 Apr 23 1115,GEO/S,1436.084,35774,35798,0.02,83.03W,0.004W
S27831,2003-028B,Optus and Defense C1,Optus C1/D,2457867.36,2017 Apr 23 2032,GEO/S,1436.101,35776,35797,0.06,156.00E,0.008W
S27825,2003-026A,Thuraya 2,Thuraya 2,2457867.37,2017 Apr 23 2052,GEO/I,1436.066,35765,35806,4.87,44.00E,0.001E
S27852,2003-033A,Echostar XII,Rainbow 1,2457866.89,2017 Apr 23 926,GEO/S,1436.128,35783,35791,0.02,61.18W,0.015W
S27854,2003-034A,Echostar IX,Echostar IX,2457866.98,2017 Apr 23 1136,GEO/S,1436.08,35773,35798,0.01,121.01W,0.003W
S27875,2003-040A,DSCS III B-6,DSCS III B-6,2457861.24,2017 Apr 17 1746,GEO/I,1436.122,35770,35803,3.6,42.43W,0.014W
S27937,2003-041A,USA 171,ORION 5,2457805.08,2017 Feb 20 1357,GEO/I,1436.122,35585,35988,9.1,67.87E,0.014W
S27948,2003-043A,EUTELSAT 31A,e-Bird,2457867.35,2017 Apr 23 2023,GEO/S,1436.124,35777,35796,2.26,30.86E,0.014W
S27954,2003-044A,Galaxy 13,Galaxy XIII/Horizons 1,2457866.97,2017 Apr 23 1111,GEO/S,1436.124,35783,35790,0.05,126.99W,0.014W
S28082,2003-052A,Zhongxing 20,Shentong yi hao 01 xing,2457867.36,2017 Apr 23 2032,GEO/I,1436.086,35769,35803,3.4,103.26E,0.004W
S28089,2003-053A,Yamal-202,Yamal-200 No. 2,2457867.37,2017 Apr 23 2052,GEO/S,1436.076,35771,35801,0.06,48.95E,0.002W
S28117,2003-057A,UHF F/O F11,UHF F/O F11,2457804.97,2017 Feb 20 1117,GEO/I,1436.122,35767,35807,4.86,75.33E,0.014W
S28134,2003-060A,Ekspress AM-22,Sesat-2,2457867.37,2017 Apr 23 2059,GEO/S,1436.096,35786,35787,0.34,80.11E,0.007W
S28132,2003-059A,Amos 2,Amos-2,2457866.89,2017 Apr 23 926,GEO/D,1448.893,36024,36048,0.61,64.75W,3.195W
S28154,2004-003A,AMC 10,AMC-10,2457866.93,2017 Apr 23 1022,GEO/S,1436.102,35775,35797,0.01,134.99W,0.008W
S28158,2004-004A,DSP F22,DSP F22,2457787.08,2017 Feb 2 1353,GEO/I,1436.122,35762,35811,7.54,65.60E,0.014W
S28184,2004-007A,ABS-4,MBSAT,2457867.09,2017 Apr 23 1412,GEO/S,1436.086,35778,35794,0.02,60.99E,0.004W
S28187,2004-008A,EUTELSAT 7A,Eutelsat W3A,2457867.34,2017 Apr 23 2004,GEO/S,1436.076,35773,35798,0.07,7.04E,0.002W
S28238,2004-016A,DirecTV 7S,DirecTV 7S,2457866.98,2017 Apr 23 1136,GEO/S,1436.089,35774,35798,0.03,119.08W,0.005W
S28252,2004-017A,AMC 11,Americom 11,2457866.91,2017 Apr 23 951,GEO/S,1436.099,35775,35797,0.01,131.00W,0.008W
S28358,2004-022A,INTELSAT 10-02,INTELSAT 10-02,2457866.74,2017 Apr 23 551,GEO/S,1435.761,35773,35786,0.01,0.97W,0.077E
S28364,2004-024A,Telstar 18,Apstar 5,2457867.31,2017 Apr 23 1928,GEO/S,1436.104,35773,35799,0.07,137.97E,0.009W
S28378,2004-027A,Anik F2,Anik F2,2457866.98,2017 Apr 23 1136,GEO/S,1436.089,35785,35787,0.03,111.06W,0.005W
S28393,2004-031A,Amazonas-1,Amazonas,2457866.75,2017 Apr 23 606,GEO/S,1436.075,35768,35803,1.64,36.21W,0.002W
S28446,2004-041A,AMC 15,AMC-15,2457867.08,2017 Apr 23 1359,GEO/S,1436.131,35779,35794,0.02,105.08W,0.016W
S28472,2004-048A,AMC 16,AMC 16,2457867.02,2017 Apr 23 1230,GEO/S,1436.089,35774,35798,0.04,85.01W,0.005W
S28526,2005-003A,NSS 10,Americom 12,2457866.88,2017 Apr 23 912,GEO/S,1436.096,35775,35797,0.03,37.46W,0.007W
S28542,2005-005A,XTAR-EUR,XTAR-EUR,2457866.83,2017 Apr 23 757,GEO/S,1436.135,35775,35798,0.02,29.00E,0.017W
S28626,2005-008A,XM-3,XM Radio-3,2457867.02,2017 Apr 23 1230,GEO/S,1436.26,35785,35793,0.01,85.11W,0.048W
S28628,2005-009A,INMARSAT 4 F1,INMARSAT 4 F1,2457866.54,2017 Apr 23 104,GEO/S,1436.1,35773,35799,2.87,143.49E,0.008W
S28638,2005-012A,Apstar 6,Apstar 6,2457867.18,2017 Apr 23 1616,GEO/S,1436.065,35775,35796,0,134.01E,0.001E
S28644,2005-015A,Spaceway 1,Spaceway 1,2457866.98,2017 Apr 23 1138,GEO/S,1436.097,35785,35787,0.01,102.91W,0.007W
S28659,2005-019A,DirecTV-8,DirecTV-8,2457866.19,2017 Apr 22 1639,GEO/S,1436.121,35773,35800,0.02,100.88W,0.013W
S28702,2005-022A,Galaxy 28,IA-8,2457866.94,2017 Apr 23 1040,GEO/S,1436.155,35781,35794,0.01,89.02W,0.022W
S28707,2005-023A,Ekspress AM-3,Ekspress AM-3,2457867.42,2017 Apr 23 2203,GEO/S,1436.092,35780,35792,0,103.01E,0.006W
S28786,2005-028A,Thaicom 4,iPSTAR 1,2457866.36,2017 Apr 22 2033,GEO/S,1436.155,35779,35795,0.01,119.49E,0.022W
S28790,2005-030A,Galaxy 14,Galaxy 14,2457866.97,2017 Apr 23 1111,GEO/S,1436.134,35778,35796,0.02,125.03W,0.017W
S28868,2005-036A,Anik F1R,Anik F1R,2457866.93,2017 Apr 23 1023,GEO/S,1436.124,35775,35799,0.02,107.32W,0.014W
S28885,2005-041B,Syracuse 3A,Syracuse 3A,2457867.37,2017 Apr 23 2052,GEO/S,1436.114,35774,35799,0.02,46.99E,0.011W
S28884,2005-041A,Galaxy 15,Galaxy 15,2457866.55,2017 Apr 23 117,GEO/S,1436.051,35778,35793,0.05,132.96W,0.004E
S28899,2005-044A,INMARSAT 4 F2,INMARSAT 4 F2,2457866.77,2017 Apr 23 621,GEO/S,1436.103,35775,35797,2.56,63.87E,0.009W
S28903,2005-046B,Spaceway 2,Spaceway F2,2457866.97,2017 Apr 23 1116,GEO/S,1436.104,35786,35787,0.05,99.06W,0.009W
S28902,2005-046A,Telkom 2,Telkom 2,2457865.29,2017 Apr 21 1854,GEO/S,1436.147,35783,35791,0.03,117.92E,0.020W
S28911,2005-049A,Insat 4A,Insat 4A,2457866.68,2017 Apr 23 422,GEO/S,1436.096,35771,35801,0.1,83.03E,0.007W
S28912,2005-049B,Meteosat 9,MSG 2,2457866.74,2017 Apr 23 551,GEO/S,1436.14,35785,35789,2.1,9.28E,0.018W
S28924,2005-052A,EUTELSAT 172A,Americom 23,2457867.03,2017 Apr 23 1246,GEO/S,1436.103,35762,35811,0.07,172.00E,0.009W
S28935,2006-003A,Echostar X,Echostar 10,2457866.98,2017 Apr 23 1136,GEO/S,1436.112,35780,35793,0.06,110.18W,0.011W
S28937,2006-004A,Himawari-7,MTSAT-2,2457866.41,2017 Apr 22 2146,GEO/S,1436.138,35772,35802,0.06,144.94E,0.017W
S28945,2006-007A,Spainsat,Spainsat,2457867,2017 Apr 23 1153,GEO/S,1436.083,35776,35796,0.02,29.99W,0.004W
S28946,2006-007B,EUTELSAT HOT BIRD 13E,Eutelsat HB7A,2457865.88,2017 Apr 22 905,GEO/S,1436.071,35772,35799,0.05,12.97E,0.001W
S29045,2006-010A,JCSAT 5A,JCSAT 9,2457867.28,2017 Apr 23 1839,GEO/S,1436.105,35778,35794,0.02,132.05E,0.009W
S29055,2006-012A,Astra 1KR,Astra 1KR,2457867.15,2017 Apr 23 1533,GEO/S,1436.136,35782,35792,0.06,19.21E,0.017W
S29162,2006-020A,EUTELSAT 113 West A,Satmex 6,2457866.23,2017 Apr 22 1728,GEO/S,1436.087,35774,35798,0.01,113.02W,0.005W
S29155,2006-018A,GOES 13,GOES N,2457866.12,2017 Apr 22 1456,GEO/S,1436.013,35764,35805,0.3,74.88W,0.014E
S29163,2006-020B,Thaicom 5,Thaicom 5,2457866.33,2017 Apr 22 1957,GEO/S,1436.096,35771,35801,0.02,78.49E,0.007W
S29236,2006-023A,Galaxy 16,Galaxy 16,2457866.97,2017 Apr 23 1116,GEO/S,1436.099,35775,35797,0.01,99.02W,0.008W
S29270,2006-032A,EUTELSAT HOT BIRD 13B,Hot Bird 8,2457867.38,2017 Apr 23 2113,GEO/S,1436.071,35764,35807,0.08,13.02E,0.001W
S29272,2006-033A,JCSAT 3A,JCSAT 10,2457867.28,2017 Apr 23 1839,GEO/S,1436.146,35781,35794,0.01,128.01E,0.020W
S29273,2006-033B,Syracuse 3B,Syracuse 3B,2457867.35,2017 Apr 23 2021,GEO/S,1436.094,35766,35806,0.01,5.15W,0.006W
S29349,2006-034A,Mugunghwa 5,Koreasat 5,2457867.29,2017 Apr 23 1856,GEO/S,1436.13,35783,35790,0.01,113.08E,0.016W
S29398,2006-038A,Zhongxing 22A,Feng Huo 2?,2457867.35,2017 Apr 23 2028,GEO/I,1436.107,35778,35795,5.7,101.66E,0.010W
S29494,2006-043A,DirecTV 9S,DirecTV 9S,2457867.08,2017 Apr 23 1400,GEO/S,1436.098,35773,35799,0.04,101.13W,0.007W
S29495,2006-043B,Optus D1,Optus D1,2457867.36,2017 Apr 23 2032,GEO/S,1436.13,35773,35800,0.02,159.97E,0.016W
S29520,2006-049A,XM-4,XM Radio-4,2457866.98,2017 Apr 23 1136,GEO/S,1436.09,35785,35787,0.03,115.22W,0.006W
S29526,2006-051A,Badr 4,Arabsat 4B,2457867.38,2017 Apr 23 2106,GEO/S,1436.123,35765,35809,0.06,25.99E,0.014W
S29640,2006-053A,Feng Yun 2D,fengyun erhao D xing,2457867.36,2017 Apr 23 2032,GEO/I,1435.993,35764,35805,4.35,123.63E,0.019E
S29643,2006-054A,WildBlue 1,WildBlue 1,2457866.98,2017 Apr 23 1136,GEO/S,1436.093,35779,35793,0.05,111.18W,0.006W
S29644,2006-054B,AMC 18,AMC 18,2457867.08,2017 Apr 23 1359,GEO/S,1436.106,35776,35796,0.04,104.97W,0.009W
S29648,2006-056A,Measat 3,Measat 3,2457867.35,2017 Apr 23 2022,GEO/S,1436.074,35775,35796,0.06,91.53E,0.002W
S30793,2007-007A,Insat 4B,Insat 4B,2457866.54,2017 Apr 23 54,GEO/S,1436.089,35757,35815,0.11,93.43E,0.005W
S30794,2007-007B,Skynet 5A,Skynet 5A,2457867.35,2017 Apr 23 2022,GEO/S,1436.067,35771,35800,0.07,95.18E,0.000E
S31102,2007-009A,Anik F3,Anik F3,2457866.98,2017 Apr 23 1136,GEO/S,1436.124,35778,35795,0.01,118.73W,0.014W
S31307,2007-016B,Galaxy 17,Galaxy 17,2457866.97,2017 Apr 23 1122,GEO/S,1436.077,35772,35799,0.05,91.03W,0.002W
S31306,2007-016A,Astra 1L,Astra 1L,2457867.08,2017 Apr 23 1400,GEO/S,1436.047,35771,35800,0.07,19.27E,0.005E
S31800,2007-031A,Zhongxing 6B,zhongxing liu B weixing,2457867.25,2017 Apr 23 1801,GEO/S,1436.116,35777,35796,0,115.54E,0.012W
S31862,2007-032A,DirecTV 10,DirecTV 10,2457866.2,2017 Apr 22 1647,GEO/S,1436.12,35786,35787,0.01,102.84W,0.013W
S32019,2007-036B,BSAT-3A,BSAT 3a,2457866.61,2017 Apr 23 235,GEO/S,1436.072,35783,35789,0.04,109.88E,0.001W
S32018,2007-036A,Spaceway 3,Spaceway 3,2457866.86,2017 Apr 23 841,GEO/S,1436.091,35786,35786,0.02,94.94W,0.006W
S32050,2007-037A,INSAT 4CR,INSAT 4CR,2457867.37,2017 Apr 23 2052,GEO/S,1436.094,35773,35799,0.07,47.83E,0.006W
S32252,2007-044A,Optus D2,Optus D2,2457867.36,2017 Apr 23 2033,GEO/S,1436.083,35771,35801,0.04,151.98E,0.004W
S32253,2007-044B,Intelsat IS-11,Intelsat IS-11,2457866.94,2017 Apr 23 1039,GEO/S,1436.096,35779,35793,0.02,42.99W,0.007W
S32258,2007-046A,WGS SV-1,Wideband Global Satcom 1,2457851.16,2017 Apr 7 1547,GEO/S,1436.122,35770,35803,0.1,23.90E,0.014W
S30798,2007-004E,THEMIS E,THEMIS P4,2457865.62,2017 Apr 22 251,GEO/NS,1475.808,1102,72018,3.91,115.86W,9.720W
S30797,2007-004D,THEMIS D,THEMIS P3,2457865.07,2017 Apr 21 1346,GEO/NS,1437.064,1116,70494,3.72,108.95E,0.250W
S32293,2007-056A,Star One C1,Star One C1,2457866.1,2017 Apr 22 1416,GEO/S,1436.094,35774,35798,0.01,65.04W,0.007W
S32294,2007-056B,Skynet 5B,Skynet 5B,2457867.38,2017 Apr 23 2106,GEO/S,1436.126,35771,35802,0.07,25.13E,0.015W
S32299,2007-057A,Sirius 4,Sirius 4,2457867.35,2017 Apr 23 2022,GEO/S,1436.082,35775,35797,0,4.85E,0.003W
S32388,2007-063B,Horizons 2,Horizons 2,2457867.35,2017 Apr 23 2022,GEO/S,1436.094,35774,35798,0.02,84.84E,0.007W
S32404,2008-001A,Thuraya 3,Thuraya 3,2457867.41,2017 Apr 23 2148,GEO/I,1436.106,35767,35806,4.08,98.49E,0.010W
S32478,2008-003A,Ekspress AM-33,Ekspress AM-33,2457865.1,2017 Apr 21 1420,GEO/S,1436.126,35782,35791,0.01,96.49E,0.014W
S32487,2008-006A,Thor 2R,Thor 5,2457867.35,2017 Apr 23 2021,GEO/S,1436.081,35775,35797,0.02,0.71W,0.003W
S32500,2008-007A,Kizuna,WINDS,2457867.42,2017 Apr 23 2208,GEO/S,1436.069,35774,35798,0.72,142.95E,0.000W
S32729,2008-013A,DirecTV 11,DirecTV-11,2457866.97,2017 Apr 23 1116,GEO/S,1436.092,35785,35787,0,99.17W,0.006W
S32763,2008-016A,Echostar D1,ICO G1,2457866.97,2017 Apr 23 1122,GEO/I,1436.1,35772,35800,3.86,92.84W,0.008W
S32767,2008-018A,Vinasat,Vinasat,2457866.55,2017 Apr 23 107,GEO/S,1436.125,35780,35793,0.01,131.94E,0.014W
S32768,2008-018B,Star One C2,Star One C2,2457866.11,2017 Apr 22 1436,GEO/S,1436.081,35772,35799,0.05,70.03W,0.003W
S32779,2008-019A,Tian Lian 1A,tianlian yihao 01 xing,2457867.34,2017 Apr 23 2006,GEO/S,1436.093,35640,35932,2.69,79.74E,0.006W
S32794,2008-022A,Amos 3,Amos 3,2457867.35,2017 Apr 23 2021,GEO/S,1436.116,35778,35795,0.02,4.07W,0.012W
S32951,2008-024A,Galaxy 18,Galaxy 18,2457866.26,2017 Apr 22 1808,GEO/S,1436.085,35773,35799,0.01,123.03W,0.004W
S33051,2008-028A,Zhongxing 9,zhongxing jiuhao,2457867.35,2017 Apr 23 2022,GEO/S,1436.071,35770,35802,0.01,92.19E,0.001W
S33055,2008-030A,Skynet 5C,Skynet 5C,2457867.4,2017 Apr 23 2134,GEO/S,1436.101,35771,35801,0.07,17.75W,0.008W
S33056,2008-030B,Turksat 3A,Turksat 3A,2457867.37,2017 Apr 23 2052,GEO/S,1436.078,35765,35806,0.08,42.01E,0.003W
S33154,2008-034B,Badr 6,Arabsat 4AR,2457867.35,2017 Apr 23 2022,GEO/S,1436.075,35762,35810,0.07,26.05E,0.002W
S33153,2008-034A,Intelsat IS-25,Protostar 1,2457867,2017 Apr 23 1159,GEO/S,1436.096,35775,35797,0.01,31.49W,0.007W
S33207,2008-035A,Echostar XI,Echostar 11,2457866.22,2017 Apr 22 1716,GEO/S,1436.099,35774,35798,0.05,110.01W,0.008W
S33274,2008-038A,Superbird C2,Superbird 7,2457867.36,2017 Apr 23 2033,GEO/S,1436.148,35784,35791,0.01,143.97E,0.020W
S33275,2008-038B,AMC 21,Americom 21,2457866.97,2017 Apr 23 1111,GEO/S,1436.089,35775,35797,0.07,124.90W,0.005W
S33278,2008-039A,Inmarsat 4 F3,INMARSAT 4 F3,2457866.97,2017 Apr 23 1122,GEO/I,1436.097,35774,35798,3.02,98.00W,0.007W
S33373,2008-044A,Nimiq 4,Nimiq 4,2457866.97,2017 Apr 23 1115,GEO/S,1436.102,35775,35797,0.02,82.03W,0.008W
S33376,2008-045A,Galaxy 19,Galaxy 19,2457866.18,2017 Apr 22 1624,GEO/S,1436.089,35773,35799,0.02,97.02W,0.005W
S30580,2007-004A,THEMIS A,THEMIS P5,2457868.17,2017 Apr 24 1609,VHEO,1641.502,1125,78308,6.39,136.45W,45.177W
S33414,2008-055A,Simon Bolivar,Venesat,2457866.97,2017 Apr 23 1115,GEO/S,1436.116,35779,35794,0.06,78.03W,0.012W
S33436,2008-057A,Astra 1M,Astra 1M,2457867.35,2017 Apr 23 2022,GEO/S,1436.098,35773,35799,0.02,19.21E,0.007W
S32708,2008-011A,AMC 14,Americom 14,2457866.49,2017 Apr 22 2352,GEO/I,1436.059,35611,35960,19.02,18.89E,0.002E
S33453,2008-063A,Ciel 2,Ciel 2,2457866.97,2017 Apr 23 1111,GEO/S,1436.075,35774,35797,0.01,128.85W,0.002W
S33463,2008-066A,Feng Yun 2E,fengyun erhao 06 xing,2457867.42,2017 Apr 23 2207,GEO/S,1436.113,35772,35801,2.08,87.17E,0.011W
S33459,2008-065A,EUTELSAT HOT BIRD 13C,Hot Bird 9,2457866.88,2017 Apr 23 901,GEO/S,1436.07,35765,35807,0.05,12.96E,0.000W
S33460,2008-065B,Eutelsat 48D,Eutelsat W2M,2457867.37,2017 Apr 23 2052,GEO/S,1436.072,35778,35793,0.06,48.11E,0.001W
S33490,2009-001A,USA 202,ORION 6,2457820,2017 Mar 7 1158,GEO/I,1436.122,35769,35804,4.76,44.16E,0.014W
S33595,2009-007A,Ekspress AM-44,Ekspress AM-44,2457867.4,2017 Apr 23 2134,GEO/S,1436.086,35781,35791,0.01,10.97W,0.004W
S33749,2009-008A,NSS 9,NSS 9,2457867.15,2017 Apr 23 1538,GEO/S,1436.118,35779,35795,0.01,176.94W,0.012W
S33750,2009-008B,EUTELSAT 33E,Hot Bird 10,2457867.32,2017 Apr 23 1943,GEO/S,1436.12,35780,35793,0.02,33.09E,0.013W
S34111,2009-009A,Telstar 11N,Telstar 11N,2457865.74,2017 Apr 22 548,GEO/S,1436.153,35778,35797,0.02,37.58W,0.021W
S34710,2009-016A,EUTELSAT 10A,Eutelsat W2A,2457867.38,2017 Apr 23 2113,GEO/S,1436.11,35764,35809,0.07,10.03E,0.011W
S34713,2009-017A,WGS SV-2,Wideband Global Satcom 2,2457843.77,2017 Mar 31 623,GEO/S,1436.122,35780,35793,0.03,60.15E,0.014W
S34810,2009-020A,SICRAL 1B,SICRAL 1B,2457846.22,2017 Apr 2 1716,GEO/S,1436.122,35753,35820,0.13,11.93E,0.014W
S34941,2009-027A,SES-7,Indostar II/Protostar II,2457867.43,2017 Apr 23 2214,GEO/S,1436.074,35779,35792,0.08,108.27E,0.001W
S35362,2009-032A,Measat 3A,Measat 3A,2457865.66,2017 Apr 22 352,GEO/S,1436.106,35785,35787,0.03,91.52E,0.009W
S35493,2009-034A,Sirius FM-5,Sirius CD Radio 5,2457866.97,2017 Apr 23 1115,GEO/S,1436.088,35782,35789,0.02,86.14W,0.005W
S35496,2009-035A,Echostar T1,Terrestar 1,2457866.18,2017 Apr 22 1612,GEO/S,1436.088,35773,35798,2.94,111.03W,0.005W
S35491,2009-033A,GOES 14,GOES O,2457866.2,2017 Apr 22 1652,GEO/S,1436.1,35767,35806,0.16,104.07W,0.008W
S35696,2009-042A,Asiasat 5,Asiasat 5,2457867.34,2017 Apr 23 2015,GEO/S,1436.059,35780,35791,0.01,100.49E,0.002E
S35756,2009-044B,Optus D3,Optus D3,2457867.11,2017 Apr 23 1442,GEO/S,1436.144,35770,35804,0.02,155.99E,0.019W
S35755,2009-044A,JCSAT RA,JCSAT 12,2457866.56,2017 Apr 23 123,GEO/S,1436.1,35783,35789,0.08,127.94E,0.008W
S35812,2009-046A,Palapa D,Palapa D,2457866.6,2017 Apr 23 222,GEO/S,1436.099,35777,35795,0.03,112.95E,0.008W
S35815,2009-047A,NEMESIS 1,P360/PAN,2457844.49,2017 Mar 31 2338,GEO/S,1436.122,35772,35801,0.07,47.50E,0.014W
S35873,2009-050A,Nimiq 5,Nimiq 5,2457866.95,2017 Apr 23 1053,GEO/S,1436.122,35779,35794,0.01,72.72W,0.014W
S35942,2009-054A,Amazonas-2,Amazonas 2,2457866.89,2017 Apr 23 926,GEO/S,1436.068,35772,35799,0.05,61.01W,0.000E
S35943,2009-054B,COMSATBw-1,COMSATBw-1,2457867.31,2017 Apr 23 1922,GEO/S,1436.144,35777,35797,0.02,63.01E,0.019W
S36032,2009-058A,NSS 12,NSS 12,2457866.75,2017 Apr 23 606,GEO/S,1436.094,35775,35798,0.03,56.97E,0.007W
S36033,2009-058B,Thor 6,Thor 6,2457867.35,2017 Apr 23 2021,GEO/S,1436.092,35778,35794,0.04,0.82W,0.006W
S36097,2009-064A,Intelsat IS-14,IS-14,2457866.04,2017 Apr 22 1256,GEO/S,1436.114,35777,35796,0.01,45.00W,0.012W
S36101,2009-065A,EUTELSAT 36B,Eutelsat W7,2457867.32,2017 Apr 23 1943,GEO/S,1436.121,35768,35806,0.07,35.94E,0.013W
S36106,2009-067A,Intelsat IS-15,IS-15,2457867.12,2017 Apr 23 1454,GEO/S,1436.146,35779,35796,0.01,85.15E,0.019W
S36108,2009-068A,WGS SV-3,Wideband Global Satcom 3,2457845.74,2017 Apr 2 548,GEO/S,1436.122,35771,35802,0.01,11.99W,0.014W
S36131,2009-075A,DirecTV 12,DirecTV-12,2457866.98,2017 Apr 23 1138,GEO/S,1436.124,35786,35787,0.01,102.79W,0.014W
S36287,2010-001A,Beidou DW 3,di san ke beidou daohang,2457867.17,2017 Apr 23 1610,GEO/S,1436.022,35776,35793,1.5,139.99E,0.012E
S36358,2010-002A,Raduga-1M,Globus-1M No. 12L,2457867.12,2017 Apr 23 1454,GEO/S,1436.105,35774,35798,0.03,85.04E,0.009W
S36397,2010-006A,Intelsat IS-16,Intelsat IS-16,2457866.89,2017 Apr 23 919,GEO/S,1436.091,35780,35792,0.06,58.10W,0.006W
S36395,2010-005A,Solar Dynamics Observatory,SDO,2457867.08,2017 Apr 23 1400,GEO/T,1436.066,35782,35789,28.7,101.60W,0.001E
S36411,2010-008A,GOES 15,GOES P,2457866.29,2017 Apr 22 1857,GEO/S,1436.092,35777,35795,0.09,135.49W,0.006W
S36499,2010-010A,Echostar XIV,Echostar 14,2457866.98,2017 Apr 23 1136,GEO/S,1436.094,35775,35797,0.01,118.91W,0.006W
S36516,2010-016A,SES-1,SES-1,2457867.08,2017 Apr 23 1400,GEO/S,1436.113,35777,35796,0.01,101.02W,0.011W
S36581,2010-021A,Astra 3B,Astra 3B,2457867.35,2017 Apr 23 2022,GEO/S,1436.082,35773,35799,0.05,23.50E,0.003W
S36582,2010-021B,COMSATBw-2,COMSATBw-2,2457867.35,2017 Apr 23 2022,GEO/S,1436.061,35775,35795,0.02,13.23E,0.002E
S36590,2010-024A,Beidou DW 4,di si ke beidou daohang,2457866.41,2017 Apr 22 2156,GEO/S,1436.162,35766,35809,1.55,110.41E,0.024W
S36592,2010-025A,Badr 5,Arabsat 5B,2457867.35,2017 Apr 23 2022,GEO/S,1436.08,35781,35791,0.02,26.01E,0.003W
S36744,2010-032A,Chollian,COMS-1,2457867.28,2017 Apr 23 1839,GEO/S,1436.109,35783,35790,0.01,128.25E,0.010W
S36745,2010-032B,Arabsat 5A,Arabsat 5A,2457867.35,2017 Apr 23 2023,GEO/S,1436.124,35772,35801,0.06,30.51E,0.014W
S36792,2010-034A,Echostar XV,-,2457866.89,2017 Apr 23 926,GEO/S,1436.118,35776,35797,0.02,61.66W,0.013W
S36828,2010-036A,Beidou DW 5,diwu ke beidou daohang w,2457867.19,2017 Apr 23 1634,GEO/T,1435.742,35539,36019,54.18,107.82E,0.082E
S36830,2010-037A,Nilesat 201,Nilesat 201,2457867.4,2017 Apr 23 2134,GEO/S,1436.1,35762,35810,0.05,6.93W,0.008W
S36831,2010-037B,RASCOM-QAF 1R,RASCOM-QAF 1R,2457866.9,2017 Apr 23 942,GEO/S,1436.106,35766,35807,0.02,2.86E,0.010W
S37150,2010-042A,Zhongxing 6A,zhongxing liu A weixing,2457867.42,2017 Apr 23 2210,GEO/S,1436.081,35780,35792,0.05,125.09E,0.003W
S37158,2010-045A,Michibiki,QZSS,2457859.92,2017 Apr 16 1008,GEO/T,1435.714,32616,38941,40.81,146.70E,0.089E
S37185,2010-053A,Sirius XM-5,-,2457867.02,2017 Apr 23 1230,GEO/S,1436.213,35786,35791,0.02,85.21W,0.036W
S37207,2010-056B,BSAT-3B,BSAT 3B,2457867.43,2017 Apr 23 2213,GEO/S,1436.083,35770,35802,0.05,109.84E,0.004W
S37210,2010-057A,Beidou DW 6,di liu ke beidou daohang,2457867.11,2017 Apr 23 1438,GEO/S,1436.096,35770,35802,0.96,160.03E,0.007W
S37232,2010-063A,USA 223,ORION 7,2457836.27,2017 Mar 23 1823,GEO/I,1436.122,35578,35996,3.03,95.62E,0.014W
S37234,2010-064A,Zhongxing 20A,Shentong yi hao 02 xing,2457867.14,2017 Apr 23 1521,GEO/S,1436.053,35767,35804,0.05,130.04E,0.004E
S37218,2010-061A,SkyTerra 1,MSV 1,2457866.11,2017 Apr 22 1440,GEO/I,1436.094,35777,35796,3.29,101.32W,0.007W
S37237,2010-065A,Hylas,Hylas,2457866.88,2017 Apr 23 911,GEO/S,1436.134,35782,35792,0.08,33.50W,0.017W
S37238,2010-065B,Intelsat IS-17,Intelsat IS-17,2457867.31,2017 Apr 23 1922,GEO/S,1436.092,35776,35796,0.02,66.00E,0.006W
S37256,2010-068A,Beidou DW 7,diqi ke beidou daohang w,2457867.35,2017 Apr 23 2023,GEO/T,1436.409,35582,36003,53.19,129.40E,0.086W
S37258,2010-069A,EUTELSAT KA-SAT 9A,KA-Sat,2457866.89,2017 Apr 23 917,GEO/S,1436.111,35779,35793,0.04,9.03E,0.011W
S37264,2010-070A,Hispasat 30W-5,Hispasat 1E,2457867.4,2017 Apr 23 2131,GEO/S,1436.112,35772,35801,0.07,29.93W,0.011W
S37265,2010-070B,Olleh 1,Koreasat 6,2457867.29,2017 Apr 23 1856,GEO/S,1436.103,35779,35794,0.01,116.00E,0.009W
S37377,2011-011A,USA 227,QUASAR 16?,2457833.4,2017 Mar 20 2133,GEO/I,1435.803,35736,35825,4.59,142.41W,0.067E
S36868,2010-039A,AEHF SV-1,AEHF SV-1,2457857.54,2017 Apr 14 55,GEO/D,1432.137,35694,35723,0.58,30.03W,0.991E
S37384,2011-013A,Beidou DW 8,diba ke beidou daohang w,2457867.35,2017 Apr 23 2023,GEO/T,1436.011,35668,35901,57.76,109.91E,0.014E
S37392,2011-016A,Intelsat IS-28,Intelsat New Dawn,2457867.32,2017 Apr 23 1943,GEO/S,1436.039,35782,35788,0.01,32.85E,0.007E
S37393,2011-016B,Yahsat 1A,Yahsat 1,2457867.37,2017 Apr 23 2052,GEO/S,1436.082,35780,35792,0.01,52.51E,0.003W
S37481,2011-019A,SBIRS GEO-1,SBIRS GEO SV1,2457771.81,2017 Jan 18 719,GEO/I,1436.122,35772,35801,3.83,94.04E,0.014W
S37602,2011-021A,Estrela do Sul 2,Telstar 14R,2457866.98,2017 Apr 23 1126,GEO/S,1436.14,35781,35793,0.01,63.02W,0.018W
S37605,2011-022A,GSAT-8,INSAT-4G,2457867.07,2017 Apr 23 1339,GEO/S,1436.103,35767,35806,0.11,55.07E,0.009W
S37606,2011-022B,ST-2,Singapore-Taiwan 2,2457867.35,2017 Apr 23 2022,GEO/S,1436.103,35779,35793,0.03,88.02E,0.009W
S37677,2011-026A,Zhongxing 10,zhongxing shi hao weixin,2457865.08,2017 Apr 21 1401,GEO/S,1436.133,35781,35792,0.03,110.53E,0.016W
S37737,2011-032A,Tian Lian 1B,tianlian yihao 02 xing,2457867.27,2017 Apr 23 1834,GEO/S,1436.045,35760,35810,2.48,176.76E,0.006E
S37746,2011-034A,GSAT-12,GSAT-12,2457867.08,2017 Apr 23 1353,GEO/S,1436.115,35759,35814,0.06,83.06E,0.012W
S37748,2011-035A,SES-3,SES-3,2457866.98,2017 Apr 23 1138,GEO/S,1436.106,35776,35797,0.01,103.03W,0.010W
S37749,2011-035B,Kazsat-2,Kazsat-2,2457867.42,2017 Apr 23 2207,GEO/S,1436.121,35779,35794,0.03,86.52E,0.013W
S37763,2011-038A,Beidou DW 9,di jiu ke beidou daohang,2457867.37,2017 Apr 23 2048,GEO/T,1435.892,35589,35975,54.49,79.76E,0.044E
S37775,2011-041A,Astra 1N,Astra 1N,2457867.35,2017 Apr 23 2022,GEO/S,1436.074,35763,35808,0.05,19.25E,0.001W
S37776,2011-041B,BSAT 3c,JCSAT-110R,2457867.43,2017 Apr 23 2213,GEO/S,1436.098,35786,35786,0.07,110.00E,0.008W
S37779,2011-042A,Paksat 1R,Paksat 1R,2457867.32,2017 Apr 23 1943,GEO/S,1436.087,35769,35803,0.05,38.01E,0.005W
S37804,2011-047A,Zhongxing 1A,Fenghuo 2,2457867.36,2017 Apr 23 2034,GEO/S,1436.072,35783,35788,0.07,129.89E,0.001W
S37806,2011-048A,Kosmos-2473,Garpun No. 11,2457865.95,2017 Apr 22 1051,GEO/S,1436.067,35774,35797,0.05,13.52W,0.000E
S37810,2011-049B,Arabsat 5C,Arabsat 5C,2457867.15,2017 Apr 23 1538,GEO/S,1436.065,35773,35798,0.07,20.03E,0.001E
S37809,2011-049A,SES-2,SES-2,2457866.97,2017 Apr 23 1115,GEO/S,1436.128,35778,35796,0.01,87.02W,0.015W
S37816,2011-051A,EUTELSAT 7 West A,Atlantic Bird 7,2457866.93,2017 Apr 23 1022,GEO/S,1436.074,35781,35791,0.09,7.25W,0.001W
S37826,2011-054A,QuetzSat-1,QuetzSat-1,2457866.97,2017 Apr 23 1121,GEO/S,1436.101,35776,35796,0.03,77.01W,0.008W
S37836,2011-057A,EUTELSAT 16A,Eutelsat W3C,2457867.35,2017 Apr 23 2022,GEO/S,1436.069,35767,35805,0.07,16.03E,0.000W
S37834,2011-056A,Intelsat IS-18,Intelsat IS-18,2457867.03,2017 Apr 23 1246,GEO/S,1436.112,35778,35795,0.02,180.00W,0.011W
S37843,2011-059A,ViaSat-1,ViaSat-1,2457867.09,2017 Apr 23 1406,GEO/S,1436.12,35777,35796,0.02,115.12W,0.013W
S37933,2011-069A,Asiasat 7,Asiasat 7,2457867.43,2017 Apr 23 2225,GEO/S,1436.121,35781,35792,0.02,105.50E,0.013W
S37948,2011-073A,Beidou DW 10,di shi ke beidou daohang,2457867.41,2017 Apr 23 2154,GEO/T,1436.177,35605,35970,53.28,107.68E,0.027W
S37951,2011-074B,Luch-5A,Luch-5A,2457867.13,2017 Apr 23 1507,GEO/S,1436.077,35769,35803,1.55,166.91E,0.002W
S38014,2011-077A,Nigcomsat 1R,Nigcomsat 1R,2457867.37,2017 Apr 23 2052,GEO/S,1436.103,35785,35788,0.02,42.50E,0.009W
S38049,2012-002A,Feng Yun 2F,fengyun erhao 07 xing,2457867.43,2017 Apr 23 2214,GEO/S,1436.004,35772,35796,1.6,112.08E,0.016E
S38070,2012-003A,WGS SV-4,Wideband Global Satcom 4,2457771.89,2017 Jan 18 923,GEO/S,1436.122,35778,35795,0.03,88.40E,0.014W
S38087,2012-007A,SES-4,SES-4,2457867.35,2017 Apr 23 2021,GEO/S,1436.089,35776,35796,0.03,21.97W,0.005W
S38091,2012-008A,Beidou DW 11,di shiyi ke beidou d.w.,2457867.37,2017 Apr 23 2045,GEO/S,1436.136,35777,35797,2.13,58.69E,0.017W
S38093,2012-009A,MUOS 1,MUOS SV 1,2457850.39,2017 Apr 6 2118,GEO/I,1436.122,35581,35992,3.28,177.02W,0.014W
S38098,2012-011A,Intelsat IS-22,Intelsat IS-22,2457866.71,2017 Apr 23 505,GEO/S,1436.079,35778,35794,0.03,72.10E,0.003W
S38107,2012-013A,Apstar 7,Apstar7,2457867.38,2017 Apr 23 2103,GEO/S,1436.092,35775,35797,0.04,76.50E,0.006W
S38245,2012-016A,Yahsat 1B,Yahsat 1B,2457866.78,2017 Apr 23 643,GEO/S,1436.089,35779,35793,0.01,47.59E,0.005W
S38254,2012-019A,AEHF SV-2,AEHF SV-2,2457832.95,2017 Mar 20 1042,GEO/D,1440.209,35850,35883,1.7,0.09E,1.038W
S38332,2012-023B,Vinasat-2,Vinasat-2,2457867.28,2017 Apr 23 1839,GEO/S,1436.098,35777,35795,0,131.85E,0.008W
S38342,2012-026A,Nimiq 6,Nimiq 6,2457866.17,2017 Apr 22 1600,GEO/S,1436.084,35775,35797,0.02,91.12W,0.004W
S38331,2012-023A,JCSAT 4B,JCSAT 13,2457866.57,2017 Apr 23 138,GEO/S,1436.102,35780,35792,0.01,124.00E,0.008W
S38352,2012-028A,Zhongxing 2A,Shentong-2?,2457867.34,2017 Apr 23 2015,GEO/S,1436.125,35770,35804,0.08,98.22E,0.014W
S38356,2012-030A,Intelsat IS-19,Intelsat IS-19,2457865.46,2017 Apr 21 2255,GEO/S,1436.093,35773,35799,0.02,165.98E,0.006W
S38466,2012-033A,USA 236,QUASAR 17?,2457845.62,2017 Apr 2 246,GEO/S,1436.122,35772,35801,1.53,9.99W,0.014W
S38528,2012-034A,USA 237,ORION 8,2457840.81,2017 Mar 28 722,GEO/S,1436.122,35602,35971,0.95,52.74E,0.014W
S38552,2012-035B,Meteosat 10,MSG 3,2457866.91,2017 Apr 23 954,GEO/S,1436.023,35783,35786,0.79,0.14W,0.011E
S38551,2012-035A,Echostar 17,Jupiter 1,2457866.21,2017 Apr 22 1704,GEO/S,1436.125,35779,35795,0.02,107.11W,0.014W
S38652,2012-036A,SES-5,Astra 4B,2457867.09,2017 Apr 23 1414,GEO/S,1436.095,35778,35794,0.03,4.99E,0.007W
S38730,2012-040A,Tian Lian 1-03,tianlian yihao 03 xing,2457866.88,2017 Apr 23 911,GEO/S,1436.053,35774,35797,0.03,10.62E,0.004E
S38740,2012-043A,Intelsat IS-20,Intelsat IS-20,2457866.72,2017 Apr 23 520,GEO/S,1436.112,35783,35789,0.02,68.54E,0.011W
S38741,2012-043B,Hylas 2,Hylas 2,2457866.83,2017 Apr 23 749,GEO/S,1436.136,35780,35794,0.02,31.04E,0.017W
S38749,2012-045A,Intelsat IS-21,Intelsat IS-21,2457866.08,2017 Apr 22 1348,GEO/S,1436.081,35778,35794,0.02,58.00W,0.003W
S38778,2012-051A,Astra 2F,Astra 2F,2457866.83,2017 Apr 23 800,GEO/S,1436.089,35783,35789,0.05,28.21E,0.005W
S38779,2012-051B,GSAT-10,GSAT-10,2457866.68,2017 Apr 23 422,GEO/S,1436.083,35776,35796,0.08,82.97E,0.004W
S38867,2012-057A,Intelsat IS-23,Intelsat IS-23,2457867.06,2017 Apr 23 1324,GEO/S,1436.102,35779,35793,0.01,53.00W,0.009W
S38953,2012-059A,Beidou DW 16,16 ke beidou daohang wei,2457867.35,2017 Apr 23 2022,GEO/S,1436.067,35772,35799,1.54,84.04E,0.000E
S38978,2012-061B,Yamal-300K,Yamal-300 No. KA-3,2457867.15,2017 Apr 23 1538,GEO/S,1436.125,35784,35790,0,177.04W,0.014W
S38977,2012-061A,Luch-5B,Luch-5B,2457867.35,2017 Apr 23 2021,GEO/I,1436.072,35771,35801,3.44,16.31W,0.001W
S38992,2012-062B,EUTELSAT 21B,EUTELSAT 21B,2457866.85,2017 Apr 23 827,GEO/S,1436.071,35776,35796,0.07,21.57E,0.001W
S38991,2012-062A,Star One C3,Star One C3,2457866.95,2017 Apr 23 1046,GEO/S,1436.124,35779,35794,0.06,75.02W,0.014W
S39008,2012-065A,Echostar XVI,Echostar 16,2457866.09,2017 Apr 22 1402,GEO/S,1436.123,35779,35794,0.02,61.51W,0.014W
S39017,2012-067A,Zhongxing 12,zhongxing shier hao weix,2457867.42,2017 Apr 23 2207,GEO/S,1436.11,35775,35798,0.01,87.49E,0.011W
S39020,2012-069A,EUTELSAT 70B,EUTELSAT 70B,2457866.72,2017 Apr 23 512,GEO/S,1436.066,35778,35793,0.08,70.50E,0.001E
S39022,2012-070A,Yamal-402,Yamal 402,2457866.54,2017 Apr 23 59,GEO/S,1436.076,35775,35797,0.01,54.88E,0.002W
S39034,2012-075A,Skynet 5D,Skynet 5D,2457867.37,2017 Apr 23 2052,GEO/S,1436.083,35771,35801,0.07,52.75E,0.004W
S39035,2012-075B,Mexsat Bicentenario,Mexsat-3,2457866.23,2017 Apr 22 1735,GEO/S,1436.095,35780,35792,0.04,114.80W,0.007W
S39070,2013-004A,TDRS 11,TDRS K,2457866.3,2017 Apr 22 1914,GEO/I,1436.167,35746,35829,5.47,171.02W,0.025W
S39078,2013-006A,Amazonas 3,Amazonas 3,2457866.08,2017 Apr 22 1400,GEO/S,1436.113,35782,35791,0.03,60.97W,0.011W
S39079,2013-006B,Azerspace,Africasat-1a,2457866.78,2017 Apr 23 650,GEO/S,1436.098,35778,35795,0.02,45.98E,0.007W
S39120,2013-011A,SBIRS GEO-2,SBIRS GEO SV2,2457850.79,2017 Apr 7 703,GEO/I,1436.122,35770,35804,3.72,20.51E,0.014W
S39122,2013-012A,EUTELSAT 117 West A,Satmex 8,2457866.24,2017 Apr 22 1743,GEO/S,1436.105,35774,35799,0.01,116.81W,0.009W
S39127,2013-014A,Anik G-1,Anik G-1,2457866.21,2017 Apr 22 1705,GEO/S,1436.075,35779,35792,0.02,107.27W,0.002W
S39157,2013-020A,Zhongxing 11,zhongxing shiyi hao,2457867.34,2017 Apr 23 2015,GEO/S,1436.071,35777,35795,0.01,97.98E,0.001W
S39163,2013-022A,EUTELSAT 7B,EUTELSAT 3D,2457866.89,2017 Apr 23 925,GEO/S,1436.082,35766,35806,0.06,7.01E,0.003W
S39168,2013-024A,WGS SV-5,Wideband Global Satcom 5,2457838.01,2017 Mar 25 1217,GEO/S,1436.122,35778,35795,0.03,52.52W,0.014W
S39172,2013-026A,SES-6,SES-6,2457866.94,2017 Apr 23 1039,GEO/S,1436.13,35780,35793,0.02,40.51W,0.016W
S39199,2013-034A,IRNSS-R1A,IRNSS-1A,2457867.08,2017 Apr 23 1356,GEO/T,1436.08,35697,35874,28.73,55.10E,0.003W
S39206,2013-036A,MUOS 2,MUOS SV 2,2457844.18,2017 Mar 31 1618,GEO/I,1436.122,35553,36020,3.72,100.08W,0.014W
S39215,2013-038A,Inmarsat 4A F4,Alphasat,2457866.92,2017 Apr 23 1011,GEO/S,1436.115,35779,35794,1.65,24.86E,0.012W
S39216,2013-038B,Insat 3D,Insat 3D,2457866.68,2017 Apr 23 426,GEO/S,1436.077,35781,35791,0.12,82.08E,0.002W
S39222,2013-041A,WGS SV-6,Wideband Global Satcom 6,2457804.81,2017 Feb 20 721,GEO/S,1436.122,35772,35801,0.02,135.26W,0.014W
S39233,2013-044A,Es'hail,EUTELSAT 25B,2457866.84,2017 Apr 23 811,GEO/S,1436.114,35779,35794,0.06,25.48E,0.011W
S39234,2013-044B,GSAT-7,INAV 1,2457866.71,2017 Apr 23 458,GEO/S,1436.087,35776,35796,0.1,74.05E,0.005W
S39237,2013-045A,Amos 4,Amos 4,2457866.73,2017 Apr 23 534,GEO/S,1436.111,35779,35794,0.04,64.99E,0.011W
S39256,2013-050A,AEHF SV-3,AEHF SV-3,2457833.42,2017 Mar 20 2206,GEO/S,1436.122,35762,35812,2.61,152.13E,0.014W
S39285,2013-056A,Astra 2E,Astra 2E,2457866.83,2017 Apr 23 759,GEO/S,1436.116,35776,35797,0.07,28.49E,0.012W
S39360,2013-058A,Sirius FM-6,Sirius CD Radio 6,2457866.24,2017 Apr 22 1740,GEO/S,1436.08,35782,35790,0.01,116.14W,0.003W
S39370,2013-060A,Mars Orbiter Mission,Mars Orbiter Spacecraft,2456924.64,2014 Sep 24 316,Mars,4389.581,425,77229,150.01,,
S39375,2013-062A,Raduga-1M,Globus-1M No. 13L,2457867.42,2017 Apr 23 2209,GEO/S,1436.085,35774,35798,0.01,70.01E,0.004W
S39460,2013-071A,SES-8,SES-8,2457866.65,2017 Apr 23 334,GEO/S,1436.115,35776,35797,0.02,94.99E,0.012W
S39476,2013-073A,Inmarsat 5F1,Inmarsat 5F1,2457867.31,2017 Apr 23 1922,GEO/S,1436.118,35785,35788,0.02,62.61E,0.012W
S39481,2013-075A,Tupac Katari,Tupac Katari (Bolivarsat,2457866.97,2017 Apr 23 1115,GEO/S,1436.09,35776,35796,0,87.20W,0.006W
S39487,2013-077A,Ekspress-AM5,Ekspress AM-5,2457867.36,2017 Apr 23 2034,GEO/S,1436.112,35784,35789,0.02,140.05E,0.011W
S39498,2014-001A,GSAT-14,GSAT-14,2457866.71,2017 Apr 23 458,GEO/S,1436.077,35768,35804,0.08,73.97E,0.002W
S39500,2014-002A,Thaicom 6,Thaicom 6,2457867.44,2017 Apr 23 2226,GEO/S,1436.08,35775,35796,0.07,78.51E,0.003W
S39504,2014-004A,TDRS 12,TDRS L,2457866.96,2017 Apr 23 1100,GEO/I,1436.055,35774,35797,6.04,40.90W,0.003E
S39508,2014-006A,ABS-2,ABS-2,2457866.7,2017 Apr 23 454,GEO/S,1436.091,35771,35801,0.07,74.91E,0.006W
S39509,2014-006B,ATHENA-FIDUS,ATHENA-FIDUS,2457866.81,2017 Apr 23 722,GEO/S,1436.129,35781,35792,0.01,37.79E,0.015W
S39522,2014-007A,Turksat 4A,Turksat 4A,2457866.8,2017 Apr 23 705,GEO/S,1436.132,35778,35796,0.04,42.03E,0.016W
S39612,2014-010A,Ekspress-AT1,Ekspress AT-1,2457866.61,2017 Apr 23 240,GEO/S,1436.064,35780,35791,0.02,56.01E,0.001E
S39613,2014-010B,Ekspress-AT2,Ekspress AT-2,2457867.36,2017 Apr 23 2034,GEO/S,1436.114,35785,35788,0.02,139.85E,0.011W
S39616,2014-011A,Amazonas 4,Amazonas 4A,2457866.08,2017 Apr 22 1400,GEO/S,1436.066,35763,35808,0.08,60.99W,0.001E
S39617,2014-011B,Astra 5B,Astra 5B,2457867.35,2017 Apr 23 2023,GEO/S,1436.063,35773,35798,0.06,31.53E,0.001E
S39635,2014-017A,IRNSS-R1B,IRNSS-1B,2457866.58,2017 Apr 23 157,GEO/T,1435.994,35703,35865,29.19,55.14E,0.019E
S39652,2014-020A,USA 250,SHARP 1?,2457833.65,2017 Mar 21 341,GEO/D,1445.812,35946,36006,2.82,84.06E,2.433W
S39727,2014-023A,Luch-5V,Luch-5V,2457867.34,2017 Apr 23 2015,GEO/S,1436.115,35774,35799,2.81,94.77E,0.012W
S39728,2014-023B,Kazsat-3,Kazsat-3,2457865.75,2017 Apr 22 604,GEO/S,1436.091,35781,35791,0.02,58.48E,0.006W
S39751,2014-027A,USA 252,QUASAR 18?,2457851.12,2017 Apr 7 1454,GEO/S,1436.122,35773,35800,3,169.99E,0.014W
S39773,2014-030A,EUTELSAT 3B,EUTELSAT 3B,2457867.35,2017 Apr 23 2022,GEO/S,1436.085,35779,35792,0.08,3.12E,0.004W
S40099,2014-043A,USA 253,GSSAP 1,2457833.5,2017 Mar 20 2359,GEO/D,1434.767,35751,35769,0.13,60.53W,0.328E
S40100,2014-043B,USA 254,GSSAP 2,2457820.83,2017 Mar 8 753,GEO/D,1433.612,35725,35750,0.24,171.72E,0.618E
S40101,2014-043C,USA 255,ANGELS,2457586.89,2016 Jul 17 925,GEO/D,1455.857,36128,36216,1.13,7.56W,4.907W
S40107,2014-046A,Asiasat 8,Asiasat 8,2457866.92,2017 Apr 23 1009,GEO/S,1436.117,35786,35787,0.01,3.90W,0.012W
S40141,2014-052A,Asiasat 6,Asiasat 6,2457867.36,2017 Apr 23 2034,GEO/S,1436.132,35785,35789,0.02,119.92E,0.016W
S40146,2014-054A,Optus 10,Optus 10,2457865.46,2017 Apr 21 2303,GEO/S,1436.087,35779,35793,0.04,164.00E,0.005W
S40147,2014-054B,Measat 3B,Measat 3B,2457866.66,2017 Apr 23 348,GEO/S,1436.139,35775,35799,0.02,91.42E,0.018W
S40208,2014-055A,USA 257,NEMESIS 2,2457860.94,2017 Apr 17 1032,GEO/S,1436.375,35720,35863,0.02,61.06E,0.077W
S40258,2014-058A,Luch,Olimp-K,2457867.38,2017 Apr 23 2113,GEO/S,1436.075,35783,35788,0.01,9.92E,0.002W
S40267,2014-060A,Himawari-8,Himawari 8,2457866.52,2017 Apr 23 32,GEO/S,1436.15,35784,35790,0.02,140.66E,0.021W
S40269,2014-061A,IRNSS-R1C,IRNSS-1C,2457866.38,2017 Apr 22 2109,GEO/I,1436.063,35705,35866,3.13,82.98E,0.001E
S40271,2014-062A,Intelsat IS-30,Intelsat ISDLA-1,2457864.75,2017 Apr 21 559,GEO/S,1436.137,35780,35794,0.01,95.04W,0.017W
S40272,2014-062B,ARSAT-1,ARSAT-1,2457866.95,2017 Apr 23 1053,GEO/S,1436.073,35782,35790,0.01,71.79W,0.001W
S40277,2014-064A,Ekspress-AM6,Ekspress AM-6,2457867.37,2017 Apr 23 2052,GEO/S,1436.085,35784,35788,0.02,53.02E,0.004W
S40332,2014-078A,GSAT 16,GSAT 16,2457866.76,2017 Apr 23 614,GEO/S,1436.089,35760,35812,0.09,55.00E,0.005W
S40333,2014-078B,DirectTV-14,DirecTV-14,2457866.97,2017 Apr 23 1116,GEO/S,1436.16,35786,35789,0.02,99.22W,0.023W
S40345,2014-082A,Yamal-401,Yamal 401,2457867.35,2017 Apr 23 2022,GEO/S,1436.108,35779,35794,0.06,89.97E,0.010W
S40364,2014-089A,Astra 2G,Astra 2G,2457866.83,2017 Apr 23 801,GEO/S,1436.14,35767,35807,0.02,28.16E,0.018W
S40367,2014-090A,Feng Yun 2G,fengyun erhao 08 xing,2457867.42,2017 Apr 23 2203,GEO/S,1435.928,35767,35799,0.55,104.30E,0.035E
S40374,2015-002A,MUOS 3,MUOS SV 4,2457850.92,2017 Apr 7 1001,GEO/I,1436.122,35578,35995,4.17,15.46W,0.014W
S40384,2015-005A,Inmarsat 5F2,Inmarsat 5F2,2457866.95,2017 Apr 23 1054,GEO/S,1436.108,35785,35788,0.02,55.01W,0.010W
S40485,2015-011D,MMS 4,Magnetospheric Multiscal,2457863.23,2017 Apr 19 1730,DSO,4035.708,1854,153322,27.92,,
S40484,2015-011C,MMS 3,Magnetospheric Multiscal,2457863.23,2017 Apr 19 1733,DSO,4034.207,1815,153320,27.9,,
S40483,2015-011B,MMS 2,Magnetospheric Multiscal,2457866.53,2017 Apr 23 40,DSO,4024.045,1862,152991,27.88,,
S40482,2015-011A,MMS 1,Magnetospheric Multiscal,2457860.22,2017 Apr 16 1720,DSO,4028.326,1657,153314,28.05,,
S40505,2015-012A,Ekspress AM-7,Ekspress AM-7,2457867.32,2017 Apr 23 1936,GEO/S,1436.058,35775,35796,0,40.03E,0.003E
S40547,2015-018A,IRNSS-R1D,IRNSS-1D,2457867.42,2017 Apr 23 2207,GEO/T,1436.103,35703,35870,29.18,111.79E,0.009W
S40549,2015-019A,Beidou DW 17,17 ke beidou daohang wei,2457867.34,2017 Apr 23 2013,GEO/T,1436.362,35626,35957,54.45,93.73E,0.074W
S40424,2015-010A,ABS-3A,ABS-3A,2457866.92,2017 Apr 23 1005,GEO/S,1436.119,35778,35795,0.01,2.89W,0.013W
S40613,2015-022A,Thor 7,Thor 7,2457866.91,2017 Apr 23 956,GEO/S,1436.11,35776,35797,0.02,0.66W,0.010W
S40614,2015-022B,Sicral 2,Sicral 2,2457819.82,2017 Mar 7 741,GEO/S,1436.122,35764,35810,0.02,36.91E,0.014W
S40617,2015-023A,TurkmenAlem52E/MonacoSAT,Turkmensat 1,2457866.77,2017 Apr 23 626,GEO/S,1436.085,35774,35798,0.01,52.00E,0.004W
S40425,2015-010B,EUTELSAT 115 West B,EUTELSAT 115 West B,2457866.23,2017 Apr 22 1735,GEO/S,1436.124,35785,35788,0,114.87W,0.014W
S40663,2015-026A,DirecTV-15,DirecTV-15,2457866.2,2017 Apr 22 1647,GEO/S,1436.109,35785,35788,0.01,102.75W,0.010W
S40664,2015-026B,SKY Mexico-1,SKY Mexico-1,2457866.13,2017 Apr 22 1511,GEO/S,1436.13,35778,35795,0.01,78.81W,0.016W
S40733,2015-034B,Star One C4,Star One C4,2457866.11,2017 Apr 22 1436,GEO/S,1436.073,35774,35798,0.05,70.01W,0.001W
S40732,2015-034A,Meteosat 11,MSG 4,2457866.6,2017 Apr 23 224,GEO/S,1436.087,35782,35790,1.92,3.61W,0.005W
S40746,2015-036A,WGS SV-7,Wideband Global Satcom 7,2457768.91,2017 Jan 15 947,GEO/S,1436.122,35772,35801,0.02,175.02E,0.014W
S40874,2015-039A,Intelsat IS-34,Intelsat IS-34,2457866.07,2017 Apr 22 1338,GEO/S,1436.056,35782,35789,0.02,55.49W,0.003E
S40875,2015-039B,EUTELSAT 8 WEST B,EUTELSAT 8 WEST B,2457866.93,2017 Apr 23 1025,GEO/S,1436.091,35772,35800,0.07,8.03W,0.006W
S40880,2015-041A,GSAT-6,GSAT-6,2457866.68,2017 Apr 23 422,GEO/S,1436.079,35755,35816,0.03,83.07E,0.003W
S40882,2015-042A,Inmarsat 5F3,Inmarsat 5F3,2457866.41,2017 Apr 22 2157,GEO/S,1436.044,35782,35788,0.02,179.60E,0.006E
S40887,2015-044A,MUOS 4,MUOS SV 5,2457840.69,2017 Mar 28 437,GEO/I,1436.122,35540,36033,4.41,74.93E,0.014W
S40895,2015-048A,Ekspress AM-8,Ekspress AM-8,2457867.45,2017 Apr 23 2252,GEO/S,1436.093,35782,35790,0.02,13.97W,0.006W
S40892,2015-046A,Tongxin Jishu Shiyan 1,tonxing jishu shiyan 1,2457867.28,2017 Apr 23 1842,GEO/S,1436.066,35754,35817,0.07,154.90E,0.001E
S40938,2015-053A,Beidou DW 20,20 ke beidou daohang wei,2457867.32,2017 Apr 23 1936,GEO/T,1436.214,35587,35990,54.28,110.55E,0.037W
S40940,2015-054A,Sky Muster,NBN Co. 1,2457866.52,2017 Apr 23 34,GEO/S,1436.084,35779,35792,0.01,140.25E,0.004W
S40941,2015-054B,ARSAT-2,ARSAT-2,2457866.14,2017 Apr 22 1520,GEO/S,1436.105,35781,35792,0.02,81.01W,0.009W
S40946,2015-056A,Morelos 3,Mexsat-2,2457866.14,2017 Apr 22 1527,GEO/I,1436.089,35779,35793,6.49,113.11W,0.005W
S40984,2015-060A,Turksat 4B,Turksat 4B,2457866.77,2017 Apr 23 634,GEO/S,1436.152,35779,35796,0.01,50.00E,0.021W
S40982,2015-059A,Apstar 9,Apstar 9,2457866.52,2017 Apr 23 26,GEO/S,1436.116,35784,35789,0.04,142.04E,0.012W
S41021,2015-063A,Zhongxing 2C,Shentong-2?,2457867.42,2017 Apr 23 2203,GEO/S,1436.072,35773,35799,0.02,103.41E,0.001W
S41028,2015-065A,GSAT-15,GSAT-15,2457866.65,2017 Apr 23 340,GEO/S,1436.091,35777,35795,0.09,93.49E,0.006W
S41029,2015-065B,Badr 7,Arabsat 6B,2457866.84,2017 Apr 23 809,GEO/S,1436.119,35776,35797,0.05,26.03E,0.013W
S41034,2015-067A,LaoSat 1,LaoSat 1,2457866.56,2017 Apr 23 120,GEO/S,1436.091,35782,35790,0.01,128.49E,0.006W
S41036,2015-068A,Telstar 12 Vantage,Telstar 12V,2457866.95,2017 Apr 23 1053,GEO/S,1436.128,35778,35795,0.02,15.00W,0.015W
S41103,2015-073A,Zhongxing 1C,Fenghuo-2?,2457867.35,2017 Apr 23 2022,GEO/S,1436.072,35772,35799,0.01,81.50E,0.001W
S41105,2015-074A,Elektro-L No. 2,Elektro-L,2457867.12,2017 Apr 23 1454,GEO/S,1436.098,35777,35795,0.07,76.05E,0.007W
S41121,2015-075A,Kosmos-2513,Garpun No. 12L,2457867.37,2017 Apr 23 2059,GEO/S,1436.097,35771,35801,0.07,80.25E,0.007W
S41191,2015-082A,Ekspress AMU-1,Ekspress AMU-1,2457867.2,2017 Apr 23 1652,GEO/S,1436.129,35778,35795,0,36.14E,0.015W
S41194,2015-083A,Gao Fen 4,Gaofen si hao weixing,2457867.43,2017 Apr 23 2224,GEO/S,1436.117,35775,35798,0.02,105.77E,0.012W
S41238,2016-001A,BelinterSat-1,BelinterSat-1,2457867.37,2017 Apr 23 2052,GEO/S,1436.101,35781,35792,0.06,51.50E,0.008W
S41241,2016-003A,IRNSS-R1E,IRNSS-1E,2457866.92,2017 Apr 23 1009,GEO/T,1436.159,35705,35870,28.7,111.78E,0.023W
S41310,2016-005A,EUTELSAT 9B,EUTELSAT 9B/EDRS-A,2457866.89,2017 Apr 23 917,GEO/S,1436.086,35769,35803,0.08,9.01E,0.004W
S41308,2016-004A,Intelsat IS-29e,Intelsat IS-29e,2457866.05,2017 Apr 22 1316,GEO/S,1436.099,35780,35793,0.01,50.00W,0.008W
S41382,2016-014A,EUTELSAT 65 West A,EUTELSAT 65 West A,2457866.1,2017 Apr 22 1417,GEO/S,1436.077,35778,35793,0.05,65.20W,0.002W
S41380,2016-013A,SES-9,SES-9,2457866.61,2017 Apr 23 241,GEO/S,1436.093,35780,35792,0.03,108.30E,0.006W
S41384,2016-015A,IRNSS-R1F,IRNSS-1F,2457866.56,2017 Apr 23 130,GEO/I,1436.104,35697,35876,4.27,32.41E,0.009W
S41434,2016-021A,Beidou DW 22,ershier ke beidou daohan,2457867.35,2017 Apr 23 2022,GEO/T,1435.953,35668,35899,55.47,95.37E,0.029E
S41469,2016-027A,IRNSS-R1G,IRNSS-1G,2457867.29,2017 Apr 23 1903,GEO/I,1436.111,35780,35793,4.34,129.59E,0.011W
S41471,2016-028A,JCSAT 2B,JCSAT 14,2457866.49,2017 Apr 22 2339,GEO/S,1436.138,35781,35793,0.02,154.01E,0.018W
S41552,2016-031A,Thaicom 8,Thaicom 8,2457866.69,2017 Apr 23 440,GEO/S,1436.109,35765,35808,0.07,78.47E,0.010W
S41584,2016-036A,USA 268,ORION 9?,2457860.61,2017 Apr 17 242,GEO/I,1436.122,35556,36017,7.35,106.14E,0.014W
S41581,2016-035A,Intelsat IS-31,Intelsat ISDLA-2,2457864.18,2017 Apr 20 1624,GEO/S,1436.129,35780,35794,0.01,95.05W,0.015W
S41586,2016-037A,Beidou DW 23,23 ke beidou daohang wei,2457866.39,2017 Apr 22 2115,GEO/S,1436.13,35780,35793,1.33,144.55E,0.015W
S41591,2016-039A,BRISat,BRISat,2457865.5,2017 Apr 21 2357,GEO/S,1436.082,35776,35795,0.02,150.50E,0.003W
S41592,2016-039B,Echostar XVIII,Echostar 18,2457866.08,2017 Apr 22 1402,GEO/S,1436.146,35778,35796,0.02,61.36W,0.020W
S41589,2016-038B,EUTELSAT 117 West B,EUTELSAT 117 West B,2457866.24,2017 Apr 22 1744,GEO/S,1436.102,35784,35788,0.02,116.99W,0.008W
S41724,2016-047A,USA 269,QUASAR 19?,2457836.65,2017 Mar 24 335,GEO/I,1436.122,35764,35810,4.72,91.99E,0.014W
S41725,2016-048A,Tiantong-1 01 xing,Tiantong-1-01,2457867.44,2017 Apr 23 2227,GEO/I,1436.107,35765,35807,4.66,101.52E,0.010W
S41729,2016-050A,JCSAT 16,JCSAT 16,2457866.46,2017 Apr 22 2307,GEO/S,1436.149,35780,35795,0.02,162.05E,0.020W
S41744,2016-052A,USA 270,GSSAP 3,2457833.09,2017 Mar 20 1415,GEO/D,1432.214,35688,35732,0.3,62.76E,0.972E
S41745,2016-052B,USA 271,GSSAP 4,2457837.48,2017 Mar 24 2330,GEO/D,1431.969,35701,35709,0.07,70.32W,1.033E
S41747,2016-053A,Intelsat IS-36,Intelsat IS-36,2457865.73,2017 Apr 22 524,GEO/S,1436.091,35774,35798,0.02,68.44E,0.006W
S41752,2016-054A,Insat 3DR,Insat 3DR,2457866.71,2017 Apr 23 457,GEO/S,1436.11,35757,35816,0.06,74.08E,0.010W
S41588,2016-038A,ABS-2A,ABS-2A,2457866.71,2017 Apr 23 455,GEO/S,1436.103,35779,35794,0.02,74.75E,0.009W
S41793,2016-060A,GSAT-18,GSAT-18,2457866.71,2017 Apr 23 458,GEO/S,1436.091,35756,35816,0.08,73.91E,0.006W
S41794,2016-060B,Sky Muster 2,NBN Co. 2,2457866.51,2017 Apr 23 15,GEO/S,1436.086,35780,35791,0.01,144.80E,0.005W
S41622,2016-041A,MUOS 5,MUOS SV 3,2457843.15,2017 Mar 30 1541,GEO/I,1436.122,34901,36672,9.41,104.53W,0.014W
S41836,2016-064A,Himawari-9,Himawari 9,2457866.52,2017 Apr 23 31,GEO/S,1436.104,35783,35789,0.01,140.77E,0.009W
S41748,2016-053B,Intelsat IS-33e,Intelsat IS-33e,2457866.75,2017 Apr 23 554,GEO/S,1436.107,35779,35794,0,59.99E,0.010W
S41838,2016-065A,Shi Jian 17,SJ-17,2457867.35,2017 Apr 23 2025,GEO/S,1436.157,35749,35826,0.07,162.87E,0.022W
S41866,2016-071A,GOES 16,GOES R,2457866.16,2017 Apr 22 1554,GEO/S,1436.129,35780,35794,0,89.51W,0.015W
S41869,2016-072A,Tian Lian 1-04,tianlian yihao 04 xing,2457867.38,2017 Apr 23 2103,GEO/S,1436.096,35759,35813,2.77,77.01E,0.007W
S41879,2016-075A,WGS SV-8,Wideband Global Satcom 8,2457844.52,2017 Apr 1 28,GEO/S,1436.122,35771,35802,0.01,121.98W,0.014W
S41882,2016-077A,Feng Yun 4A,fengyun sihao 01 xing,2457867.44,2017 Apr 23 2227,GEO/S,1435.987,35772,35795,0.12,99.55E,0.020E
S41903,2016-082A,JCSAT 15,JCSAT 15,2457866.61,2017 Apr 23 234,GEO/S,1436.093,35781,35791,0.01,110.09E,0.006W
S41904,2016-082B,Star One D1,Star One D1,2457866.15,2017 Apr 22 1532,GEO/S,1436.099,35775,35797,0.03,84.02W,0.008W
S41893,2016-079A,Echostar 19,Jupiter 2,2457866.18,2017 Apr 22 1624,GEO/S,1436.097,35780,35792,0.02,97.12W,0.007W
S41911,2017-001A,Tongxin Jishu Shiyan 2,tonxing jishu shiyan 2,2457867.43,2017 Apr 23 2214,GEO/S,1436.036,35777,35793,0.79,107.56E,0.008E
S41937,2017-004A,SBIRS GEO-3,SBIRS GEO SV4,2457847.29,2017 Apr 3 1852,GEO/I,1436.122,35669,35904,5.88,159.68W,0.014W
S41940,2017-005A,Kirameki 2,DSN 2,2457860.86,2017 Apr 17 839,GEO/S,1436.122,35764,35810,0.01,93.12E,0.014W
S41942,2017-006A,Hispasat 36W-1,Hispasat AG1,2457866.98,2017 Apr 23 1137,GEO/S,1436.085,35774,35798,0.04,26.00W,0.004W
S41944,2017-007A,Telkom-3S,Telkom 3S,2457866.59,2017 Apr 23 202,GEO/S,1436.112,35783,35790,0.02,118.03E,0.011W
S41945,2017-007B,SkyBrasil-1,Intelsat IS-32e,2457866.03,2017 Apr 22 1249,GEO/S,1436.133,35785,35788,0.02,43.16W,0.016W
S42075,2017-016A,WGS SV-9,Wideband Global Satcom 9,2457859.79,2017 Apr 16 654,GEO/T,1436.122,27086,44487,0.19,125.54W,0.014W
S42432,2017-017A,SES-10,SES-10,2457866.1,2017 Apr 22 1430,GEO/S,1436.084,35772,35800,0.06,68.49W,0.004W
S42662,2017-018A,Shi Jian 13,Zhongxing 16,2457856.63,2017 Apr 13 313,HEO,750.996,237,41743,20.99,,